fecha,caiado,cury,flavio_bolsonaro,lula,otros,renan_santos,zema
2026-08-23,5.63,1.78,39.47,44.91,1.44,4.08,2.69
2026-08-24,5.63,1.78,39.47,44.91,1.44,4.08,2.69
2026-08-25,5.63,1.78,39.47,44.91,1.44,4.08,2.69
2026-08-26,5.28,2.38,38.92,43.8,2.91,4.12,2.58
2026-08-27,5.38,2.55,38.89,42.96,3.46,3.96,2.79
2026-08-28,5.38,2.55,38.89,42.96,3.46,3.96,2.79
2026-08-29,5.38,2.55,38.89,42.96,3.46,3.96,2.79
2026-08-30,4.51,7.08,35.73,42.72,3.1,5.27,1.59
2026-08-31,4.45,8.13,34.85,42.21,2.85,5.77,1.73
2026-09-01,3.82,9.19,35.16,42.49,2.8,4.87,1.67
2026-09-02,3.75,9.3,35.44,42.09,3.29,4.45,1.69
2026-09-03,3.75,9.3,35.44,42.09,3.29,4.45,1.69
2026-09-04,3.75,9.3,35.44,42.09,3.29,4.45,1.69
2026-09-05,3.75,9.3,35.44,42.09,3.29,4.45,1.69
2026-09-06,3.87,9.21,35.46,42.39,2.87,4.28,1.92
2026-09-07,3.39,8.03,37.07,41.8,2.49,5.66,1.55
2026-09-08,3.39,8.03,37.07,41.8,2.49,5.66,1.55
2026-09-09,2.67,7.9,37.56,42.17,2.45,5.48,1.76
2026-09-10,3.21,7.52,37.46,42.3,2.76,5.11,1.63
2026-09-11,3.21,7.52,37.46,42.3,2.76,5.11,1.63
2026-09-12,3.21,7.52,37.46,42.3,2.76,5.11,1.63
2026-09-13,3.85,7.28,37.4,43.61,2.24,4.22,1.39
2026-09-14,3.85,7.28,37.4,43.61,2.24,4.22,1.39
2026-09-15,4.0,7.17,37.94,43.16,2.23,4.13,1.36
2026-09-16,3.64,6.47,39.23,43.28,1.96,4.05,1.37
2026-09-17,3.64,6.47,39.23,43.28,1.96,4.05,1.37
2026-09-18,3.64,6.47,39.23,43.28,1.96,4.05,1.37
2026-09-19,3.64,6.47,39.23,43.28,1.96,4.05,1.37
2026-09-20,3.65,5.78,39.71,42.9,1.83,4.88,1.25
2026-09-21,3.65,5.78,39.71,42.9,1.83,4.88,1.25
2026-09-22,3.21,4.88,40.93,43.78,1.53,4.5,1.17
2026-09-23,2.82,4.79,41.13,43.96,1.4,4.75,1.15
2026-09-24,3.37,5.0,41.29,43.63,1.23,4.38,1.1
2026-09-25,3.37,5.0,41.29,43.63,1.23,4.38,1.1
2026-09-26,3.37,5.0,41.29,43.63,1.23,4.38,1.1
2026-09-27,3.52,4.46,41.2,44.1,1.08,4.54,1.1
2026-09-28,3.48,4.23,41.33,44.27,0.89,4.46,1.34
2026-09-29,3.57,4.22,41.55,44.11,0.83,4.32,1.41
2026-09-30,3.57,4.22,41.55,44.11,0.83,4.32,1.41
2026-10-01,3.55,4.23,41.55,44.1,0.85,4.33,1.4
